caption,image_file
happiness,image (1).jpg
happiness,image (2).jpg
happiness,image (3).jpg
happiness,image (4).jpg
happiness,image (5).jpg
happiness,image (6).jpg
happiness,image (7).jpg
happiness,image (8).jpg
happiness,image (9).jpg
happiness,image (10).jpg
happiness,image (11).jpg
happiness,image (12).jpg
happiness,image (13).jpg
happiness,image (14).jpg
happiness,image (15).jpg
happiness,image (16).jpg
happiness,image (17).jpg
happiness,image (18).jpg
happiness,image (19).jpg
happiness,image (20).jpg
happiness,image (21).jpg
happiness,image (22).jpg
happiness,image (23).jpg
happiness,image (24).jpg
happiness,image (25).jpg
happiness,image (26).jpg
happiness,image (27).jpg
happiness,image (28).jpg
happiness,image (29).jpg
happiness,image (30).jpg
happiness,image (31).jpg
happiness,image (32).jpg
happiness,image (33).jpg
happiness,image (34).jpg
happiness,image (35).jpg
happiness,image (36).jpg
happiness,image (37).jpg
happiness,image (38).jpg
happiness,image (39).jpg
happiness,image (40).jpg
happiness,image (41).jpg
happiness,image (42).jpg
happiness,image (43).jpg
happiness,image (44).jpg
happiness,image (45).jpg
happiness,image (46).jpg
happiness,image (47).jpg
happiness,image (48).jpg
happiness,image (49).jpg
happiness,image (50).jpg
happiness,image (51).jpg
happiness,image (52).jpg
happiness,image (53).jpg
happiness,image (54).jpg
happiness,image (55).jpg
happiness,image (56).jpg
happiness,image (57).jpg
happiness,image (58).jpg
happiness,image (59).jpg
happiness,image (60).jpg
happiness,image (61).jpg
happiness,image (62).jpg
happiness,image (63).jpg
happiness,image (64).jpg
happiness,image (65).jpg
happiness,image (66).jpg
happiness,image (67).jpg
happiness,image (68).jpg
happiness,image (69).jpg
happiness,image (70).jpg
happiness,image (71).jpg
happiness,image (72).jpg
happiness,image (73).jpg
happiness,image (74).jpg
happiness,image (75).jpg
happiness,image (76).jpg
happiness,image (77).jpg
happiness,image (78).jpg
happiness,image (79).jpg
happiness,image (80).jpg
happiness,image (81).jpg
happiness,image (82).jpg
happiness,image (83).jpg
happiness,image (84).jpg
happiness,image (85).jpg
happiness,image (86).jpg
happiness,image (87).jpg
happiness,image (88).jpg
happiness,image (89).jpg
happiness,image (90).jpg
happiness,image (91).jpg
happiness,image (92).jpg
happiness,image (93).jpg
happiness,image (94).jpg
happiness,image (95).jpg
happiness,image (96).jpg
happiness,image (97).jpg
happiness,image (98).jpg
happiness,image (99).jpg
happiness,image (100).jpg
